App,Concerned Permission,Lint(BUG),ARPDroid,RevDroid,Lint(FIX),ARPDroid,RevDroid,BUG-URL,FIX-URL
KISS,RECEIVE_SMS、READ_PHONE_STATE、CALL_PHONE、READ_CONTACTS,-,Phone Permission,Phone Permission,-,FP,FP,Neamar/KISS at 9d81138e0a890f623b45df79b7c581c3fc7c278f (github.com),Neamar/KISS at b45e73e414413a9e9442f4793829d9f551ff01ff (github.com)
Onebusaway-android,ACCESS_FINE_LOCATION、READ&WRITE_EXTERNAL_STORAGE,-,x,x,-,,,https://github.com/OneBusAway/onebusaway-android/tree/ee45830c6571ee769ff06168e54212811a8c3ac0,https://github.com/OneBusAway/onebusaway-android/tree/7cb3a97929c2afc0c9e537ee061cbe24c8308004
Subsonic,WRITE_EXTERNAL_STORAGE、READ_PHONE_STATE、RECORD_AUDIO,Phone Permission,Phone Permission,-,FP,FP,https://github.com/daneren2005/Subsonic/tree/d8c5a9f8b4b58489e113c637d358ba64df899a42,https://github.com/daneren2005/Subsonic/tree/d3cd581edd08ba9811aa4f87362ea81a02fe11db
Freeotp-android,CAMERA,Camera Permission,x,-,FP,,https://github.com/freeotp/freeotp-android/tree/ef9a61881edf789121d37854739ad21a7fcd37a8,https://github.com/freeotp/freeotp-android/tree/d9a89462209eece876c64bb144e60861bcdfbc30
K-9,READ_CONTACTS,x,x,-,,,https://github.com/k9mail/k-9/tree/72a664458e6008eb96b8b9622fb0e117ddc15f62,https://github.com/k9mail/k-9/tree/0c911dbac31e97ef068d87e411a78ba7b1f48e41
Anki-Droid,RECORD_AUDIO、WRITE_EXTERNAL_STORAGE,External Permission,x,-,FP,,https://github.com/ankidroid/Anki-Android/tree/fe148e0e2752d5c65a091da96c092ae3a06857a4,https://github.com/timrae/Anki-Android/tree/a5eb3889ad4576bf748bb0f30adbe7840d3704d4
Qksms,PHONE、SMS、STORAGE、CONTACTS,Sms & Phone Permission,Sms & Phone Permission,-,FP,FP,https://github.com/moezbhatti/qksms/tree/9e1a9a2375f40af93e0bd4293102fce9407b50d6,https://github.com/moezbhatti/qksms/tree/e6e55e9113d242fe4797f38739a6eba3fa92eb59
WiFiAnalyzer,ACCESS_COARSE_LOCATION,-,x,x,-,,,https://github.com/VREMSoftwareDevelopment/WiFiAnalyzer/tree/f8887cfc4269db7a046de821c6d33cd06cd8234c,https://github.com/VREMSoftwareDevelopment/WiFiAnalyzer/tree/ea6ac4503783067b3ce94275e4219d250707fd0e
Apps-android-commons,-,External Permission,Location Permission,-,FP,FP,https://github.com/commons-app/apps-android-commons/tree/3bd3f170f775e9034a1747dd9e9d63482b8c4f34,https://github.com/commons-app/apps-android-commons/tree/1530ddc969453451217f0240c5822acc35818d6a
